Id,Label,timeset,Authority,Hub,pageranks
0,0,,0.127737,0.780454,0.156362
1,1,,0.612025,0.279604,0.200665
2,2,,0.612025,0,0.200665
3,3,,0.484288,0.559207,0.200665
4,4,,0,0,0.241644
